"public_id","category","title","version_or_date","public_url","license_or_status","disposition","used_for","repository_evidence"
"PUB-001","standard","Concise Binary Object Representation","RFC 8949","https://www.rfc-editor.org/rfc/rfc8949","IETF standard","standards-reference","Deterministic CBOR profile and encoding rules","docs/decisions/0001-standards-and-provider-boundaries.md;docs/decisions/0005-deterministic-codec.md;docs/evaluations/0005/candidate-register.md"
"PUB-002","standard","Concise Data Definition Language","RFC 8610","https://www.rfc-editor.org/rfc/rfc8610.html","IETF standard","standards-reference","Schema language and independent wire-profile description","docs/protocol.md;docs/evaluations/0005/candidate-register.md"
"PUB-003","standard","CBOR Object Signing and Encryption","RFC 9052","https://www.rfc-editor.org/rfc/rfc9052.html","IETF standard","standards-reference","Security-object encoding comparison","docs/envelope.md;docs/evaluations/0005/candidate-register.md"
"PUB-004","standard","HMAC-based Extract-and-Expand Key Derivation Function","RFC 5869","https://www.rfc-editor.org/rfc/rfc5869","IETF standard","standards-reference","Key-derivation semantics and test vectors","docs/decisions/0001-standards-and-provider-boundaries.md;docs/envelope.md"
"PUB-005","standard","Hybrid Public Key Encryption","RFC 9180","https://www.rfc-editor.org/rfc/rfc9180.html","IETF standard","standards-reference","Recipient-encryption and domain-separation comparison","docs/evaluations/0005/candidate-register.md;docs/evaluations/0005/integrated-security-profile.md"
"PUB-006","standard","Terminology for Post-Quantum and Traditional Hybrid Schemes","RFC 9794","https://www.rfc-editor.org/rfc/rfc9794.html","IETF standard","standards-reference","Hybrid security terminology and composition review","docs/evaluations/0005/integrated-security-profile.md;docs/security.md"
"PUB-007","standard","Messaging Layer Security","RFC 9420","https://www.rfc-editor.org/rfc/rfc9420.html","IETF standard","standards-reference","Group membership and epoch-state comparison","docs/evaluations/0005/candidate-register.md;docs/evaluations/0005/openmls-disconnected-membership.md"
"PUB-008","standard","Messaging Layer Security Architecture","RFC 9750","https://www.rfc-editor.org/rfc/rfc9750.html","IETF standard","standards-reference","Group-security architecture comparison","docs/evaluations/0005/openmls-disconnected-membership.md;docs/security.md"
"PUB-009","standard","ML-DSA for JOSE and COSE","RFC 9964","https://datatracker.ietf.org/doc/rfc9964/","IETF standard","standards-reference","Post-quantum signature identifier review","docs/evaluations/0005/candidate-register.md;docs/evaluations/0005/coset-hybrid-source-object.md"
"PUB-010","standard","Bundle Protocol Version 7","RFC 9171","https://www.rfc-editor.org/rfc/rfc9171.html","IETF Standards Track","standards-reference","Disruption-tolerant store-and-forward comparison","docs/evaluations/0005/candidate-register.md;docs/evaluations/0005/bpv7-freeze.md"
"PUB-011","standard","Bundle Protocol Security","RFC 9172","https://www.rfc-editor.org/rfc/rfc9172.html","IETF Standards Track","standards-reference","Bundle security services comparison","docs/evaluations/0005/candidate-register.md;docs/evaluations/0005/bpv7-freeze.md"
"PUB-012","standard","Default Security Contexts for Bundle Protocol Security","RFC 9173","https://www.rfc-editor.org/rfc/rfc9173.html","IETF Standards Track","standards-reference","Bundle security-context comparison","docs/evaluations/0005/candidate-register.md;docs/evaluations/0005/bpv7-freeze.md"
"PUB-013","standard","Delay-Tolerant Networking TCP Convergence-Layer Protocol Version 4","RFC 9174","https://www.rfc-editor.org/rfc/rfc9174.html","IETF Standards Track","standards-reference","Bundle Protocol interoperability target","docs/evaluations/0005/candidate-register.md;docs/evaluations/0005/bpv7-freeze.md"
"PUB-014","standard","Key Provisioning for Group Communication Using ACE","RFC 9594","https://www.rfc-editor.org/rfc/rfc9594.html","IETF Standards Track","standards-reference","Constrained group-provisioning comparison","docs/evaluations/0005/candidate-register.md;docs/evaluations/0005/group-oscore-implementation-freeze.md"
"PUB-015","standard","Trickle Algorithm","RFC 6206","https://www.rfc-editor.org/rfc/rfc6206.html","IETF standard","standards-reference","Constrained dissemination comparison","docs/evaluations/0005/candidate-register.md;docs/evaluations/0005/propagation-policy-component.md"
"PUB-016","standard","Transport Layer Security 1.3","RFC 8446","https://www.rfc-editor.org/rfc/rfc8446.html","IETF standard","standards-reference","Carrier-security and controlled-relay review","docs/evaluations/0005/candidate-register.md;docs/security.md"
"PUB-017","standard","Multicast DNS","RFC 6762","https://www.rfc-editor.org/rfc/rfc6762.html","IETF standard","standards-reference","Local discovery comparison","docs/evaluations/0005/candidate-register.md;docs/evaluations/0005/discovery-admission.md"
"PUB-018","standard","DNS-Based Service Discovery","RFC 6763","https://www.rfc-editor.org/rfc/rfc6763.html","IETF standard","standards-reference","Local service-discovery comparison","docs/evaluations/0005/discovery-admission.md;docs/transports.md"
"PUB-019","standard","Interactive Connectivity Establishment","RFC 8445","https://www.rfc-editor.org/info/rfc8445/","IETF standard","standards-reference","NAT traversal and candidate-pair comparison","docs/evaluations/0005/candidate-register.md;docs/evaluations/0005/connectivity-comparison.md"
"PUB-020","standard","Session Traversal Utilities for NAT","RFC 8489","https://www.rfc-editor.org/rfc/rfc8489.html","IETF standard","standards-reference","NAT traversal comparison","docs/evaluations/0005/connectivity-comparison.md;docs/transports.md"
"PUB-021","standard","Traversal Using Relays around NAT","RFC 8656","https://www.rfc-editor.org/rfc/rfc8656.html","IETF standard","standards-reference","IP relay and reachability comparison","docs/evaluations/0005/connectivity-comparison.md;docs/transports.md"
"PUB-022","security-guidance","Secure Hash Standard","FIPS 180-4 Update 1","https://csrc.nist.gov/pubs/fips/180-4/upd1/final","NIST standard","standards-reference","SHA-256 algorithm authority","docs/decisions/0001-standards-and-provider-boundaries.md;docs/envelope.md"
"PUB-023","security-guidance","Advanced Encryption Standard","FIPS 197","https://csrc.nist.gov/pubs/fips/197/final","NIST standard","standards-reference","AES algorithm authority","docs/decisions/0001-standards-and-provider-boundaries.md;docs/envelope.md"
"PUB-024","security-guidance","Galois Counter Mode","SP 800-38D","https://csrc.nist.gov/pubs/sp/800/38/d/final","NIST standard","standards-reference","Authenticated-encryption profile","docs/decisions/0001-standards-and-provider-boundaries.md;docs/envelope.md"
"PUB-025","security-guidance","Digital Signature Standard","FIPS 186-5","https://csrc.nist.gov/pubs/fips/186-5/final","NIST standard","standards-reference","Classical signature profile","docs/decisions/0001-standards-and-provider-boundaries.md;docs/envelope.md"
"PUB-026","security-guidance","Pair-Wise Key-Establishment Schemes Using Discrete Logarithm Cryptography","SP 800-56A Rev. 3","https://csrc.nist.gov/pubs/sp/800/56/a/r3/final","NIST standard","standards-reference","Classical key-establishment profile","docs/decisions/0001-standards-and-provider-boundaries.md;docs/envelope.md"
"PUB-027","security-guidance","Key-Derivation Methods in Key-Establishment Schemes","SP 800-56C Rev. 2","https://csrc.nist.gov/pubs/sp/800/56/c/r2/final","NIST standard","standards-reference","Key-combination and derivation review","docs/decisions/0001-standards-and-provider-boundaries.md;docs/envelope.md"
"PUB-028","security-guidance","Module-Lattice-Based Key-Encapsulation Mechanism","FIPS 203","https://csrc.nist.gov/pubs/fips/203/final","NIST standard","standards-reference","ML-KEM parameter and algorithm authority","docs/decisions/0001-standards-and-provider-boundaries.md;docs/envelope.md"
"PUB-029","security-guidance","Module-Lattice-Based Digital Signature Standard","FIPS 204","https://csrc.nist.gov/pubs/fips/204/final","NIST standard","standards-reference","ML-DSA parameter and algorithm authority","docs/decisions/0001-standards-and-provider-boundaries.md;docs/envelope.md"
"PUB-030","security-guidance","Recommendations for Key-Encapsulation Mechanisms","SP 800-227","https://csrc.nist.gov/pubs/sp/800/227/final","NIST standard","standards-reference","KEM validation and failure-handling review","docs/decisions/0001-standards-and-provider-boundaries.md;docs/security.md"
"PUB-031","security-guidance","Security Requirements for Cryptographic Modules","FIPS 140-3","https://csrc.nist.gov/pubs/fips/140-3/final","NIST standard","external-gate","Production cryptographic-module validation gate","docs/decisions/0003-fips-production-gate.md;docs/security.md"
"PUB-032","upstream-component","Iroh","1.0.3","https://crates.io/crates/iroh/1.0.3","MIT OR Apache-2.0","selected-component","Authenticated IP endpoint and controlled relay carrier","docs/decisions/0028-selected-stack-implementation-boundary.md;docs/evaluations/0006/README.md;Cargo.lock"
"PUB-033","upstream-component","Negentropy","0.5.1","https://crates.io/crates/negentropy/0.5.1","MIT","selected-component","Bounded set-difference reconciliation mechanism","docs/evaluations/0005/reconciliation-negentropy.md;docs/decisions/0028-selected-stack-implementation-boundary.md;Cargo.lock"
"PUB-034","upstream-component","redb","4.2.0","https://crates.io/crates/redb/4.2.0","MIT OR Apache-2.0","selected-component","Selected durable metadata and protocol-state store","docs/evaluations/0005/durable-store-component.md;docs/decisions/0028-selected-stack-implementation-boundary.md;Cargo.lock"
"PUB-035","upstream-component","age","0.11.5","https://github.com/str4d/rage/releases/tag/v0.11.4","MIT OR Apache-2.0","bounded-pilot","Isolated classic X25519 provisioning-artifact provider","docs/decisions/0018-age-provisioning-provider.md;Cargo.lock"
"PUB-036","upstream-project","p2panda","0.7.1","https://github.com/p2panda/p2panda/releases","MIT OR Apache-2.0","evaluated-not-selected","Whole-stack and temporal-relay comparison","docs/evaluations/0005/p2panda-freeze.md;docs/evaluations/0005/final-stack-bakeoff.md"
"PUB-037","upstream-component","Automerge","0.11.0","https://github.com/automerge/automerge","MIT","interoperability-oracle","Opt-in Record merge-policy comparison","docs/evaluations/0005/record-crdt-automerge.md;docs/evaluations/0005/candidate-register.md"
"PUB-038","upstream-project","rust-libp2p","0.56.0","https://github.com/libp2p/rust-libp2p","MIT","evaluated-not-selected","IP mesh provider and behavior comparison","docs/decisions/0029-close-proposal-0004-libp2p-pilot.md;docs/evaluations/0005/connectivity-comparison.md"
"PUB-039","upstream-component","Quinn","0.11.11","https://github.com/quinn-rs/quinn","MIT OR Apache-2.0","interoperability-oracle","Narrow QUIC carrier control","docs/evaluations/0005/connectivity-comparison.md;docs/evaluations/0005/candidate-register.md"
"PUB-040","upstream-project","OpenMLS","0.8.1","https://github.com/openmls/openmls/releases/tag/openmls-v0.8.1","MIT","interoperability-oracle","Group-state and membership comparator","docs/evaluations/0005/openmls-disconnected-membership.md;docs/evaluations/0005/candidate-register.md"
"PUB-041","upstream-project","dtn7-rs","commit c30181b4b111e2adc5538931c797c0f7190acc4c","https://github.com/dtn7/dtn7-rs","MIT OR Apache-2.0","interoperability-oracle","BPv7 temporal-relay daemon comparison","docs/evaluations/0005/bpv7-freeze.md;docs/evaluations/0005/dissemination-composition-arms-bvb724.md"
"PUB-042","upstream-project","Hardy","commit b87c790263392a6289f942e6bf59fdb714f4c842","https://github.com/ricktaylor/hardy","Apache-2.0","interoperability-oracle","Embeddable BPv7 and BPSec comparison","docs/evaluations/0005/bpv7-hardy-temporal-relay.md;docs/evaluations/0005/candidate-register.md"
"PUB-043","upstream-project","Zenoh","1.10.0","https://github.com/eclipse-zenoh/zenoh/releases","EPL-2.0 OR Apache-2.0","evaluated-not-selected","Router storage and replication comparison","docs/evaluations/0005/zenoh-arm-d.md;docs/evaluations/0005/candidate-register.md"
"PUB-044","public-specification","Willow specification family","living specification","https://willowprotocol.org/specs/","Public specification; text license not independently assessed","standards-reference","Namespace capability synchronization and offline-transfer comparison","docs/evaluations/0005/willow-arm-e.md;docs/evaluations/0005/candidate-register.md"
"PUB-045","upstream-project","willow_rs","commit 9266a735b439cdfe3fec3686e105c37f888c2469","https://codeberg.org/worm-blossom/willow_rs","MIT OR Apache-2.0","interoperability-oracle","Willow storage capability and Drop-format comparison","docs/evaluations/0005/willow-arm-e.md;docs/evaluations/0005/candidate-register.md"
"PUB-046","upstream-component","veilid-core","0.5.7","https://static.crates.io/crates/veilid-core/veilid-core-0.5.7.crate","MPL-2.0","evaluated-not-selected","Overlay and persistent DHT lifecycle comparison","docs/evaluations/0005/candidate-register.md;lab/foss_eval/candidates/veilid/arm-f-local-report.md"
"PUB-047","upstream-project","t_cose","1.2.0","https://github.com/laurencelundblade/t_cose","BSD-3-Clause","interoperability-oracle","Independent classical COSE Sign1 comparison","docs/evaluations/0005/t-cose-source-object-freeze.md;docs/evaluations/0005/candidate-register.md"
"PUB-048","upstream-project","libOSCORE","revision not selected","https://github.com/coap-security/liboscore","BSD-3-Clause","evaluated-not-selected","OSCORE implementation-surface comparison","docs/evaluations/0005/group-oscore-implementation-freeze.md;docs/evaluations/0005/candidate-register.md"
"PUB-049","upstream-project","Eclipse Californium","3.14.0 and 4.0.0-M6 reviewed","https://github.com/eclipse-californium/californium","Exact license and relevant module disposition unresolved","interoperability-oracle","Independent ACE and OSCORE implementation comparison","docs/evaluations/0005/group-oscore-implementation-freeze.md;docs/evaluations/0005/candidate-register.md"
"PUB-050","upstream-component","minicbor","2.3.0","https://crates.io/crates/minicbor/2.3.0","BlueOak-1.0.0","evaluated-not-selected","CBOR implementation-mechanics comparison","docs/decisions/0005-deterministic-codec.md;docs/evaluations/0005/candidate-register.md"
"PUB-051","upstream-component","SQLite","3.53.2","https://www.sqlite.org/copyright.html","Public domain","evaluated-not-selected","Persistence comparison and legacy migration-source review","docs/decisions/0002-dependency-admission.md;docs/evaluations/0005/durable-store-component.md"
"PUB-052","upstream-component","ConnectRPC for Go","1.20.0","https://github.com/connectrpc/connect-go/releases/tag/v1.20.0","Apache-2.0","interoperability-oracle","Independent generated Go client and authenticated gRPC interoperability acceptance","docs/decisions/0041-customer-operable-event-service.md;conformance/agent-go/go.mod;conformance/agent-go/go.sum;conformance/agent-go/buf.gen.yaml;conformance/agent-go/gen/aster/application/v1alpha1/aster.connect.go;conformance/agent-go/cmd/agent-smoke/main.go;tools/check-agent-go-generated.sh;mise.toml"
"PUB-053","upstream-component","Protocol Buffers for Go","1.36.11","https://github.com/protocolbuffers/protobuf-go/releases/tag/v1.36.11","BSD-3-Clause","interoperability-oracle","Checked-in Go protobuf bindings and reproducible local generation","docs/decisions/0041-customer-operable-event-service.md;conformance/agent-go/go.mod;conformance/agent-go/go.sum;conformance/agent-go/buf.gen.yaml;conformance/agent-go/gen/aster/application/v1alpha1/aster.pb.go;conformance/agent-go/cmd/agent-smoke/main.go;tools/check-agent-go-generated.sh;mise.toml"
