source_path,current_path,target_path,document_class,disposition,batch,reason
docs/decisions/0001-standards-and-provider-boundaries.md,docs/decisions/0001-standards-and-provider-boundaries.md,,decision,keep-current,retain,Accepted ADR 0001 still governs complete-suite selection and deterministic protocol/provider boundaries; no later ADR retires it.
docs/decisions/0002-dependency-admission.md,docs/decisions/0002-dependency-admission.md,,decision,keep-current,retain,Accepted ADR 0002 remains the dependency-admission and retained-oracle policy with unresolved release gates.
docs/decisions/0003-fips-production-gate.md,docs/decisions/0003-fips-production-gate.md,,decision,keep-current,retain,ADR 0003 keeps exact module and operational-environment validation as an unsatisfied production gate.
docs/decisions/0004-radio-silence-semantics.md,docs/decisions/0004-radio-silence-semantics.md,,decision,keep-current,retain,ADR 0004 still separates ReceiveOnly from physical RF silence and retains stakeholder validation.
docs/decisions/0005-deterministic-codec.md,docs/decisions/0005-deterministic-codec.md,,decision,keep-current,retain,Accepted ADR 0005 governs the narrow deterministic codec profiles and their golden/negative vectors.
docs/decisions/0006-sqlite-store.md,docs/decisions/0006-sqlite-store.md,,decision,keep-current,retain,ADR 0006 still governs the retained SQLite compatibility store; its semantic-v5 note explicitly excludes the selected redb lane.
docs/decisions/0007-ip-and-btle-links.md,docs/decisions/0007-ip-and-btle-links.md,,decision,keep-current,retain,ADR 0007 remains the reference IP/BTLE adapter boundary; ADR 0022 preserves it rather than retiring it.
docs/decisions/0008-local-agent-phasing.md,docs/decisions/0008-local-agent-phasing.md,,decision,keep-current,retain,ADR 0030 supersedes only ADR 0008's scheduling deferral; its security/lifecycle/versioning/backpressure gates remain active.
docs/decisions/0009-public-api-boundary.md,docs/decisions/0009-public-api-boundary.md,,decision,keep-current,retain,ADR 0009 remains the application API authority; its 2026-08-27 amendment explicitly bounds the privileged adapter-sdk contract.
docs/decisions/0010-authenticated-blob-transfer.md,docs/decisions/0010-authenticated-blob-transfer.md,,decision,keep-current,retain,ADR 0010 governs authenticated Blob carriers and the implemented selected subsets while broader acceptance remains open.
docs/decisions/0011-recipient-filtered-rekey.md,docs/decisions/0011-recipient-filtered-rekey.md,,decision,keep-current,retain,ADR 0011 remains the bounded recipient-filtered rekey authority for committed scope-epoch controls.
docs/decisions/0012-content-committing-pq-batches.md,docs/decisions/0012-content-committing-pq-batches.md,,decision,keep-current,retain,ADR 0012 governs implemented content-committing PQ batches with external acceptance gates still open.
docs/decisions/0013-protected-provisioning-boundary.md,docs/decisions/0013-protected-provisioning-boundary.md,,decision,keep-current,retain,tools/check-implementation-requirements.py and binding READMEs consume ADR 0013's protected provisioning boundary.
docs/decisions/0018-age-provisioning-provider.md,docs/decisions/0018-age-provisioning-provider.md,,decision,keep-current,retain,ADR 0018 still limits the age provider to a non-production pilot; it has not been retired by the systemd profile.
docs/decisions/0022-ip-mesh-experiment-no-selection.md,docs/decisions/0022-ip-mesh-experiment-no-selection.md,,decision,keep-current,retain,ADR 0022 preserves the no-selection boundary for Proposal 0001; ADR 0023 amends rather than retires it.
docs/decisions/0023-mesh-host-contract-no-libp2p-selection.md,docs/decisions/0023-mesh-host-contract-no-libp2p-selection.md,,decision,keep-current,retain,ADR 0023 retains the MeshHost contract and no-admission result; ADR 0024 explicitly preserves this decision.
docs/decisions/0024-refactor-durable-node-ownership-before-ip-provider-selection.md,docs/decisions/0024-refactor-durable-node-ownership-before-ip-provider-selection.md,,decision,keep-current,retain,ADR 0024 retains the single durable-owner and no-provider-selection boundary; ADR 0029 still cites it.
docs/decisions/0025-requirements-first-foss-architecture-evaluation.md,docs/decisions/0025-requirements-first-foss-architecture-evaluation.md,,decision,keep-current,retain,tools/check-implementation-requirements.py maps DM-8-16 and DM-14-20/21 to ADR 0025 as a current non-credit governance artifact.
docs/decisions/0026-lock-only-hickory-advisories.md,docs/decisions/0026-lock-only-hickory-advisories.md,,decision,keep-current,retain,ADR 0026 remains the fail-closed lock-only Hickory advisory scope policy referenced by ADR 0027.
docs/decisions/0027-libp2p-pilot-dependency-policy.md,docs/decisions/0027-libp2p-pilot-dependency-policy.md,,decision,keep-current,retain,ADR 0027 still governs the retained non-production libp2p oracle and its 2026-11-23 review deadline; only the paste exception was retired.
docs/decisions/0028-selected-stack-implementation-boundary.md,docs/decisions/0028-selected-stack-implementation-boundary.md,,decision,keep-current,retain,ADR 0028 authorizes the selected implementation and exact package-license dispositions; the requirements checker still consumes it.
docs/decisions/0029-close-proposal-0004-libp2p-pilot.md,docs/decisions/0029-close-proposal-0004-libp2p-pilot.md,,decision,keep-current,retain,ADR 0029 remains the explicit closure and retained-oracle boundary for Proposal 0004; no later ADR retires it.
docs/decisions/0030-event-first-local-connect-agent.md,docs/decisions/0030-event-first-local-connect-agent.md,,decision,keep-current,retain,ADR 0041 supersedes only selected follow-on statements; ADR 0030 still governs the Event-first local ConnectRPC alpha.
docs/decisions/0031-live-tour-presentation.md,docs/decisions/0031-live-tour-presentation.md,,decision,keep-current,retain,Accepted ADR 0031 remains the live-tour presentation and raw-receipt fidelity boundary.
docs/decisions/0032-interactive-event-message-playground.md,docs/decisions/0032-interactive-event-message-playground.md,,decision,keep-current,retain,Accepted ADR 0032 still bounds the interactive Event playground as an evaluation-only developer demo.
docs/decisions/0033-policy-selected-security-profiles.md,docs/decisions/0033-policy-selected-security-profiles.md,,decision,keep-current,retain,ADR 0033 remains the security-profile applicability authority used by capability-roadmap.md and requirements mappings.
docs/decisions/0034-short-lived-iroh-nearby-discovery.md,docs/decisions/0034-short-lived-iroh-nearby-discovery.md,,decision,keep-current,retain,ADR 0034 still bounds default-off nearby evaluation; ADR 0036 cites it without retiring the rostered mode.
docs/decisions/0035-field-notes-human-introduction.md,docs/decisions/0035-field-notes-human-introduction.md,,decision,keep-current,retain,ADR 0035 remains the accepted staged Field Notes introduction boundary and is referenced by ADR 0036.
docs/decisions/0036-mission-authenticated-lan-discovery-mvp.md,docs/decisions/0036-mission-authenticated-lan-discovery-mvp.md,,decision,keep-current,retain,ADR 0036 governs mission-authenticated admission of unrostered LAN candidates before inventory.
docs/decisions/0037-bound-concurrent-lan-scale-baseline.md,docs/decisions/0037-bound-concurrent-lan-scale-baseline.md,,decision,keep-current,retain,ADR 0037 remains the exploratory flat-LAN scale boundary referenced by the hierarchy ADRs.
docs/decisions/0038-select-an-event-bridge-foundation.md,docs/decisions/0038-select-an-event-bridge-foundation.md,,decision,keep-current,retain,ADR 0038 governs the selected Event bridge foundation and remains mapped by the requirements checker.
docs/decisions/0039-compose-a-static-event-hierarchy-over-semantic-v6.md,docs/decisions/0039-compose-a-static-event-hierarchy-over-semantic-v6.md,,decision,keep-current,retain,ADR 0039 governs semantic-v6 static Event hierarchy evaluation and remains mapped by the requirements checker.
docs/decisions/0040-bound-generated-hierarchy-scale-diagnostic.md,docs/decisions/0040-bound-generated-hierarchy-scale-diagnostic.md,,decision,keep-current,retain,ADR 0040 still bounds generated hierarchy diagnostics and its ordered follow-on increments under roadmap P2-2.
docs/decisions/0041-customer-operable-event-service.md,docs/decisions/0041-customer-operable-event-service.md,,decision,keep-current,retain,Accepted ADR 0041 remains the customer Event service authority; deployment and release gates stay open.
docs/decisions/0042-adopt-linux-event-mvp-evaluation-profile-v0-1.md,docs/decisions/0042-adopt-linux-event-mvp-evaluation-profile-v0-1.md,,decision,keep-current,retain,Accepted ADR 0042 governs the Linux Event MVP profile and its still-open candidate gates.
docs/evaluations/0005/README.md,docs/evaluations/0005/README.md,archive/research/evaluations/0005/README.md,research,migrate-consumers-first,archive-research,docs/reference-index.md links this Evaluation 0005 index; migrate navigation and the terminal-arm boundary together before archival.
docs/evaluations/0005/arm-completion-register.md,docs/evaluations/0005/arm-completion-register.md,archive/research/evaluations/0005/arm-completion-register.md,research,migrate-consumers-first,archive-research,Evaluation 0005 README and final-frontier.md consume this completion/governance register; retain its explicit discarded-evidence boundary until consumers migrate.
docs/evaluations/0005/aws-lc-provider-feasibility.md,docs/evaluations/0005/aws-lc-provider-feasibility.md,archive/research/evaluations/0005/aws-lc-provider-feasibility.md,research,migrate-consumers-first,archive-research,Evaluation 0005 README and arm-completion-register.md still link the BVB-710 primitive-provider feasibility result.
docs/evaluations/0005/blob-transfer-operating-envelope.md,docs/evaluations/0005/blob-transfer-operating-envelope.md,archive/research/evaluations/0005/blob-transfer-operating-envelope.md,research,migrate-consumers-first,archive-research,lab/foss_eval/candidates/components/blob-transfer/README.md consumes this completed research arm; preserve the bounded Blob/store conclusions during link migration.
docs/evaluations/0005/bpv7-freeze.md,docs/evaluations/0005/bpv7-freeze.md,archive/research/evaluations/0005/bpv7-freeze.md,research,migrate-consumers-first,archive-research,dtn7-rs temporal-relay-02 normalized JSON records embed this report path; migrate evidence consumers before moving the BPv7 freeze.
docs/evaluations/0005/bpv7-hardy-temporal-relay.md,docs/evaluations/0005/bpv7-hardy-temporal-relay.md,archive/research/evaluations/0005/bpv7-hardy-temporal-relay.md,research,migrate-consumers-first,archive-research,lab/foss_eval/candidates/bpv7/hardy/results/temporal-relay-file-003.visible.sha256 binds this exact report path and bytes.
docs/evaluations/0005/candidate-register.md,docs/evaluations/0005/candidate-register.md,archive/research/evaluations/0005/candidate-register.md,research,migrate-consumers-first,archive-research,lab/foss_eval/final-validation-receipt.json consumes this register; preserve the research-only candidate and terminal-disposition boundary.
docs/evaluations/0005/carrier-arm.md,docs/evaluations/0005/carrier-arm.md,archive/research/evaluations/0005/carrier-arm.md,research,migrate-consumers-first,archive-research,lab/foss_eval/candidates/carrier-comparison/README.md and the arm register link this completed carrier research arm.
docs/evaluations/0005/conformance-profile-seed.md,docs/evaluations/0005/conformance-profile-seed.md,archive/research/evaluations/0005/conformance-profile-seed.md,research,migrate-consumers-first,archive-research,conformance/evaluation-v0/README.md links the research seed; migrate that live corpus pointer without implying product-protocol authority.
docs/evaluations/0005/connectivity-comparison.md,docs/evaluations/0005/connectivity-comparison.md,archive/research/evaluations/0005/connectivity-comparison.md,research,migrate-consumers-first,archive-research,lab/foss_eval/candidates/connectivity-comparison/receipts/visible-artifacts.sha256 binds this exact bounded differential report.
docs/evaluations/0005/coset-hybrid-source-object.md,docs/evaluations/0005/coset-hybrid-source-object.md,archive/research/evaluations/0005/coset-hybrid-source-object.md,research,migrate-consumers-first,archive-research,Evaluation 0005 README and arm-completion-register.md link the BVB-725 codec/provider feasibility result.
docs/evaluations/0005/discovery-admission.md,docs/evaluations/0005/discovery-admission.md,archive/research/evaluations/0005/discovery-admission.md,research,migrate-consumers-first,archive-research,lab/foss_eval/candidates/components/discovery-admission/MANIFEST.sha256 binds this report; nearby-discovery-selection.md also consumes its policy result.
docs/evaluations/0005/dissemination-composition-arms-bvb724.md,docs/evaluations/0005/dissemination-composition-arms-bvb724.md,archive/research/evaluations/0005/dissemination-composition-arms-bvb724.md,research,migrate-consumers-first,archive-research,composition-007 B1/B2/C normalized JSON records embed this report path; preserve their distinct temporal-relay claim boundaries during migration.
docs/evaluations/0005/durable-store-component.md,docs/evaluations/0005/durable-store-component.md,archive/research/evaluations/0005/durable-store-component.md,research,migrate-consumers-first,archive-research,Evaluation 0005 README and arm-completion-register.md still link the bounded redb/SQLite comparison.
docs/evaluations/0005/final-bakeoff-validation-receipt.md,docs/evaluations/0005/final-bakeoff-validation-receipt.md,archive/research/evaluations/0005/final-bakeoff-validation-receipt.md,research,archive-ready,archive-research,BVB-950 consistency PASS retained by 5bf5c48 is research-only; ADR 0028 owns selected implementation authority and full-path/basename inbound searches are empty.
docs/evaluations/0005/final-frontier.md,docs/evaluations/0005/final-frontier.md,archive/research/evaluations/0005/final-frontier.md,research,migrate-consumers-first,archive-research,selected-stack/MANIFEST.sha256 and phase5-product-assurance/source-freeze.tsv bind this frontier; migrate hashes and links without widening research credit.
docs/evaluations/0005/final-stack-bakeoff.md,docs/evaluations/0005/final-stack-bakeoff.md,archive/research/evaluations/0005/final-stack-bakeoff.md,research,migrate-consumers-first,archive-research,Proposal 0006 and Evaluation 0006 README consume the completed A-versus-G comparison; migrate those baseline links before archival.
docs/evaluations/0005/final-validation-receipt.md,docs/evaluations/0005/final-validation-receipt.md,archive/research/evaluations/0005/final-validation-receipt.md,research,migrate-consumers-first,archive-research,Evaluation 0005 rolling-results.md links this clean replacement validation receipt; preserve the discarded-conclusions boundary with its consumer.
docs/evaluations/0005/first-results.md,docs/evaluations/0005/first-results.md,archive/research/evaluations/0005/first-results.md,research,archive-ready,archive-research,This checkpoint explicitly cedes ordering to final-frontier.md; 5bf5c48 retains the completed research record and full-path/basename inbound searches are empty.
docs/evaluations/0005/group-oscore-implementation-freeze.md,docs/evaluations/0005/group-oscore-implementation-freeze.md,archive/research/evaluations/0005/group-oscore-implementation-freeze.md,research,migrate-consumers-first,archive-research,Evaluation 0005 README and arm-completion-register.md consume the executable-lane NO-GO and separate standards boundary.
docs/evaluations/0005/integrated-security-profile-seed.md,docs/evaluations/0005/integrated-security-profile-seed.md,archive/research/evaluations/0005/integrated-security-profile-seed.md,research,migrate-consumers-first,archive-research,integrated-security-profile.md consumes this BVB-825 research seed; migrate the link while preserving its non-normative profile status.
docs/evaluations/0005/integrated-security-profile.md,docs/evaluations/0005/integrated-security-profile.md,archive/research/evaluations/0005/integrated-security-profile.md,research,migrate-consumers-first,archive-research,Evaluation 0005 README and security-profile-matrix.md consume the completed BVB-825 research result and its explicit security gaps.
docs/evaluations/0005/iroh-patchbay-topology.md,docs/evaluations/0005/iroh-patchbay-topology.md,archive/research/evaluations/0005/iroh-patchbay-topology.md,research,archive-ready,archive-research,BVB-904 records complete bounded topology research with three explicit direct-path failures; ADR 0028 owns current selection and full-path/basename inbound searches are empty.
docs/evaluations/0005/nearby-discovery-selection.md,docs/evaluations/0005/nearby-discovery-selection.md,archive/research/evaluations/0005/nearby-discovery-selection.md,research,extract-current-first,consolidation,docs/security.md and docs/transports.md consume the implemented nearby-evaluation boundary; extract current policy under ADR 0034 before moving this mixed selection report.
docs/evaluations/0005/openmls-disconnected-membership.md,docs/evaluations/0005/openmls-disconnected-membership.md,archive/research/evaluations/0005/openmls-disconnected-membership.md,research,migrate-consumers-first,archive-research,Evaluation 0005 README and arm-completion-register.md link the BVB-735 bounded membership comparator.
docs/evaluations/0005/p2panda-freeze.md,docs/evaluations/0005/p2panda-freeze.md,archive/research/evaluations/0005/p2panda-freeze.md,research,migrate-consumers-first,archive-research,lab/foss_eval/candidates/p2panda/normalized-result.json and normalized-result-bvb703.json embed this report path.
docs/evaluations/0005/p2panda-phase1-closure.md,docs/evaluations/0005/p2panda-phase1-closure.md,archive/research/evaluations/0005/p2panda-phase1-closure.md,research,migrate-consumers-first,archive-research,lab/foss_eval/candidates/p2panda/phase1-closure-results.sha256 binds this report; its JSON also consumes the path.
docs/evaluations/0005/p2panda-temporal-relay.md,docs/evaluations/0005/p2panda-temporal-relay.md,archive/research/evaluations/0005/p2panda-temporal-relay.md,research,migrate-consumers-first,archive-research,lab/foss_eval/candidates/p2panda/temporal-relay-normalized-bvb703.json embeds this report path and bounded temporal-chain result.
docs/evaluations/0005/phase5-product-surface-assurance.md,docs/evaluations/0005/phase5-product-surface-assurance.md,archive/research/evaluations/0005/phase5-product-surface-assurance.md,research,migrate-consumers-first,archive-research,lab/foss_eval/candidates/phase5-product-assurance/README.md consumes this completed arm and its unqualified physical-carrier boundary.
docs/evaluations/0005/propagation-policy-component.md,docs/evaluations/0005/propagation-policy-component.md,archive/research/evaluations/0005/propagation-policy-component.md,research,migrate-consumers-first,archive-research,Evaluation 0005 README and arm-completion-register.md link this completed policy arm whose final-stack ownership remains outside research credit.
docs/evaluations/0005/reconciliation-negentropy.md,docs/evaluations/0005/reconciliation-negentropy.md,archive/research/evaluations/0005/reconciliation-negentropy.md,research,migrate-consumers-first,archive-research,lab/foss_eval/candidates/components/reconciliation-negentropy/README.md consumes this bounded component curve.
docs/evaluations/0005/record-crdt-automerge.md,docs/evaluations/0005/record-crdt-automerge.md,archive/research/evaluations/0005/record-crdt-automerge.md,research,migrate-consumers-first,archive-research,lab/foss_eval/candidates/components/record-automerge/README.md links this completed opt-in Record merge-policy comparison.
docs/evaluations/0005/requirements-matrix.csv,docs/evaluations/0005/requirements-matrix.csv,docs/validation/requirements-matrix.csv,validation,relocate-current,current-hierarchy,tools/check-implementation-requirements.py and lab/foss_eval/validate.py consume the hash-bound 348-ID matrix; relocate only with exact consumer/hash preservation.
docs/evaluations/0005/requirements-notes.md,docs/evaluations/0005/requirements-notes.md,,validation,keep-current,retain,capability-roadmap.md P3-1 still uses this hash-bound matrix sidecar to define final_stack_invariant; retain that current validation meaning until a canonical owner is established.
docs/evaluations/0005/responsibility-map.md,docs/evaluations/0005/responsibility-map.md,archive/research/evaluations/0005/responsibility-map.md,research,migrate-consumers-first,archive-research,tools/check-implementation-requirements.py maps DM-14-21 to this non-credit research artifact; phase5-product-assurance/source-freeze.tsv also binds it.
docs/evaluations/0005/rolling-results.md,docs/evaluations/0005/rolling-results.md,archive/research/evaluations/0005/rolling-results.md,research,migrate-consumers-first,archive-research,lab/foss_eval/final-validation-receipt.json and selected-stack/MANIFEST.sha256 consume this append-only research log.
docs/evaluations/0005/sdk-ffi-control-plane.md,docs/evaluations/0005/sdk-ffi-control-plane.md,archive/research/evaluations/0005/sdk-ffi-control-plane.md,research,migrate-consumers-first,archive-research,Evaluation 0005 README and arm-completion-register.md consume this completed SDK/FFI research arm; generator recommendations remain non-admission evidence.
docs/evaluations/0005/security-profile-matrix.md,docs/evaluations/0005/security-profile-matrix.md,archive/research/evaluations/0005/security-profile-matrix.md,research,migrate-consumers-first,archive-research,Evaluation 0005 README and arm-completion-register.md consume this bounded Phase 4 matrix; ADR 0033 owns current profile applicability.
docs/evaluations/0005/security-responsibility-residual.md,docs/evaluations/0005/security-responsibility-residual.md,archive/research/evaluations/0005/security-responsibility-residual.md,research,migrate-consumers-first,archive-research,security-profile-matrix.md and Evaluation 0005 README consume this Phase 4 residual frontier; migrate those research links together.
docs/evaluations/0005/security-workstream-status.md,docs/evaluations/0005/security-workstream-status.md,archive/research/evaluations/0005/security-workstream-status.md,research,archive-ready,archive-research,The Phase 4 arms are explicitly complete at a bounded frontier in 5bf5c48; ADR 0033 owns current policy and full-path/basename inbound searches are empty.
docs/evaluations/0005/t-cose-source-object-freeze.md,docs/evaluations/0005/t-cose-source-object-freeze.md,archive/research/evaluations/0005/t-cose-source-object-freeze.md,research,migrate-consumers-first,archive-research,Evaluation 0005 README and arm-completion-register.md consume the classical-only NO-GO result for the complete hybrid lane.
docs/evaluations/0005/willow-arm-e.md,docs/evaluations/0005/willow-arm-e.md,archive/research/evaluations/0005/willow-arm-e.md,research,migrate-consumers-first,archive-research,lab/foss_eval/candidates/carrier-comparison/source-freeze.tsv binds this report; the Willow README also consumes its bounded result.
docs/evaluations/0005/zenoh-arm-d.md,docs/evaluations/0005/zenoh-arm-d.md,archive/research/evaluations/0005/zenoh-arm-d.md,research,migrate-consumers-first,archive-research,lab/foss_eval/candidates/zenoh/README.md consumes the whole-replica stop and conditional-component boundary.
docs/evaluations/0006/README.md,docs/evaluations/0006/README.md,archive/research/evaluations/0006/README.md,research,migrate-consumers-first,archive-research,selected-stack/MANIFEST.sha256 binds this completed baseline result; ADR 0028 and docs/reference-index.md consume it.
docs/proposals/0001-ip-mesh-vertical-slice-results.md,docs/proposals/0001-ip-mesh-vertical-slice-results.md,archive/research/proposals/0001-ip-mesh-vertical-slice-results.md,research,migrate-consumers-first,archive-research,ADR 0022 and lab/README.md consume the completed no-winner result; migrate those links before archival.
docs/proposals/0001-ip-mesh-vertical-slice.md,docs/proposals/0001-ip-mesh-vertical-slice.md,archive/research/proposals/0001-ip-mesh-vertical-slice.md,research,migrate-consumers-first,archive-research,docs/reference-index.md and Proposal 0002 still link this completed work order; ADR 0022 preserves its no-selection result.
docs/proposals/0002-provider-neutral-mesh-host-results.md,docs/proposals/0002-provider-neutral-mesh-host-results.md,archive/research/proposals/0002-provider-neutral-mesh-host-results.md,research,migrate-consumers-first,archive-research,ADR 0023 and docs/reference-index.md consume the retained-host/no-provider result; migrate these references together.
docs/proposals/0002-provider-neutral-mesh-host.md,docs/proposals/0002-provider-neutral-mesh-host.md,archive/research/proposals/0002-provider-neutral-mesh-host.md,research,migrate-consumers-first,archive-research,ADRs 0023 and 0026 still link this completed host experiment; preserve their no-admission and dependency-policy context.
docs/proposals/0003-idiomatic-ip-mesh-provider-activation.md,docs/proposals/0003-idiomatic-ip-mesh-provider-activation.md,archive/research/proposals/0003-idiomatic-ip-mesh-provider-activation.md,research,migrate-consumers-first,archive-research,ADR 0027 and docs/reference-index.md consume this completed activation/freeze record; migrate those policy links before archival.
docs/proposals/0003-idiomatic-ip-mesh-provider-comparison.md,docs/proposals/0003-idiomatic-ip-mesh-provider-comparison.md,archive/research/proposals/0003-idiomatic-ip-mesh-provider-comparison.md,research,migrate-consumers-first,archive-research,ADR 0024 and docs/reference-index.md link this completed mandatory-stop comparison; preserve its no-selection boundary.
docs/proposals/0003-idiomatic-ip-mesh-provider-results.md,docs/proposals/0003-idiomatic-ip-mesh-provider-results.md,archive/research/proposals/0003-idiomatic-ip-mesh-provider-results.md,research,migrate-consumers-first,archive-research,ADR 0024 and Proposal 0004 consume the Phase-1 stop result and durable-owner prerequisite.
docs/proposals/0004-shared-node-libp2p-retest-results.md,docs/proposals/0004-shared-node-libp2p-retest-results.md,archive/research/proposals/0004-shared-node-libp2p-retest-results.md,research,migrate-consumers-first,archive-research,ADR 0029 and docs/reference-index.md consume this closed no-selection result; migrate those references before archival.
docs/proposals/0004-shared-node-libp2p-retest.md,docs/proposals/0004-shared-node-libp2p-retest.md,archive/research/proposals/0004-shared-node-libp2p-retest.md,research,migrate-consumers-first,archive-research,lab/ip_mesh_experiment.py and lab/gate_h_faults.py embed this work-order path; migrate scripts and tests while retaining ADR 0029's closure.
docs/proposals/0005-requirements-first-foss-architecture-evaluation.md,docs/proposals/0005-requirements-first-foss-architecture-evaluation.md,archive/research/proposals/0005-requirements-first-foss-architecture-evaluation.md,research,migrate-consumers-first,archive-research,final-bakeoff/adjudicate.py and its runner scripts consume this work order; source-freeze.tsv also binds it.
docs/proposals/0006-selected-foss-reference-stack.md,docs/proposals/0006-selected-foss-reference-stack.md,archive/research/proposals/0006-selected-foss-reference-stack.md,research,migrate-consumers-first,archive-research,selected-stack/MANIFEST.sha256 and acceptance.json bind this proposal; ADR 0028 still links its engineering-baseline context.
docs/proposals/README.md,docs/proposals/README.md,,research,keep-current,retain,This document still defines the current proposal lifecycle and non-normative authority boundary; docs/README.md links it and a selected-stack manifest binds its bytes.
docs/superpowers/plans/2026-09-06-customer-operable-event-service.md,docs/superpowers/plans/2026-09-06-customer-operable-event-service.md,archive/design-history/plans/2026-09-06-customer-operable-event-service.md,design-history,extract-current-first,consolidation,Customer runtime implementation and 9d4c8ce review fixes exist; verify ADR 0041 and current config/operations docs own every durable service constraint before archival.
docs/superpowers/plans/2026-09-06-linux-event-mvp-evaluation-profile.md,docs/superpowers/plans/2026-09-06-linux-event-mvp-evaluation-profile.md,archive/design-history/plans/2026-09-06-linux-event-mvp-evaluation-profile.md,design-history,extract-current-first,consolidation,ADR 0042 accepted the profile and db627ab aligned its gates; extract the ratification/conditional-authority rules before archiving this older sequence.
docs/superpowers/plans/2026-09-07-aster-agent-event-module-boundary.md,docs/superpowers/plans/2026-09-07-aster-agent-event-module-boundary.md,archive/design-history/plans/2026-09-07-aster-agent-event-module-boundary.md,design-history,extract-current-first,consolidation,9ced4b5 implemented event_service naming; verify ADR 0041 and crate documentation own the single-executable/default-feature constraints before archival.
docs/superpowers/plans/2026-09-08-d06-complete-systemd-provider-lifecycle.md,docs/superpowers/plans/2026-09-08-d06-complete-systemd-provider-lifecycle.md,archive/design-history/plans/2026-09-08-d06-complete-systemd-provider-lifecycle.md,design-history,extract-current-first,consolidation,94f6e87 and f8fcefc implement destruction and backup/recovery; consolidate durable lifecycle/failure rules into the current provider owner before archival.
docs/superpowers/plans/2026-09-08-d06-initial-systemd-install.md,docs/superpowers/plans/2026-09-08-d06-initial-systemd-install.md,archive/design-history/plans/2026-09-08-d06-initial-systemd-install.md,design-history,extract-current-first,consolidation,a9a6dea and 37b5141 implement initial install; extract crash/retry/nondisclosure constraints into the current v2 provider documentation before archiving v1 task history.
docs/superpowers/plans/2026-09-08-d06-raspberry-pi-provider-v2-adaptation.md,docs/superpowers/plans/2026-09-08-d06-raspberry-pi-provider-v2-adaptation.md,archive/design-history/plans/2026-09-08-d06-raspberry-pi-provider-v2-adaptation.md,design-history,extract-current-first,consolidation,The provider README now declares v2 and rejection of persistent v1 state; verify canonical ownership of every adaptation/fallback constraint before archival.
docs/superpowers/plans/2026-09-08-d06-systemd-runtime-loader.md,docs/superpowers/plans/2026-09-08-d06-systemd-runtime-loader.md,archive/design-history/plans/2026-09-08-d06-systemd-runtime-loader.md,design-history,extract-current-first,consolidation,2252e37 and dd907f5 implement loader/static composition; extract startup-before-side-effects and fixed-loader rules into the current provider owner before archival.
docs/superpowers/plans/2026-09-08-linux-event-g2-emission-capacity.md,docs/superpowers/plans/2026-09-08-linux-event-g2-emission-capacity.md,archive/design-history/plans/2026-09-08-linux-event-g2-emission-capacity.md,design-history,extract-current-first,consolidation,52c8c8a implemented authenticated capacity status and the ledger follow-on changes its limits; extract enduring ReceiveOnly/error contracts before archival.
docs/superpowers/plans/2026-09-08-raspberry-pi-linux-event-mvp-profile-amendment.md,docs/superpowers/plans/2026-09-08-raspberry-pi-linux-event-mvp-profile-amendment.md,archive/design-history/plans/2026-09-08-raspberry-pi-linux-event-mvp-profile-amendment.md,design-history,extract-current-first,consolidation,ADR 0042 and db627ab implement the two-CM4 profile amendment; verify the current profile owns all exact platform and gate constraints before archival.
docs/superpowers/plans/2026-09-10-event-operation-ledger-lifecycle.md,docs/superpowers/plans/2026-09-10-event-operation-ledger-lifecycle.md,,design-history,keep-current,retain,The Event operation-ledger work remains the selected lifecycle plan; rate/physical qualification and dependent Event retention work remain open.
docs/superpowers/plans/2026-09-13-linux-event-mvp-qualification-validator.md,docs/superpowers/plans/2026-09-13-linux-event-mvp-qualification-validator.md,,design-history,keep-current,retain,b206539 implements the validator but P0-1-E06 remains Open pending owner review; retain the plan until that qualification-tooling outcome is closed.
docs/superpowers/plans/2026-09-14-documentation-archive-foundation.md,docs/superpowers/plans/2026-09-14-documentation-archive-foundation.md,,design-history,keep-current,retain,This is the active archive-foundation implementation plan; navigation and CI integration tasks and subsequent review remain in progress.
docs/superpowers/specs/2026-09-05-customer-operable-event-service-design.md,docs/superpowers/specs/2026-09-05-customer-operable-event-service-design.md,archive/design-history/superseded-specs/2026-09-05-customer-operable-event-service-design.md,design-history,extract-current-first,consolidation,ADR 0041 and implemented customer runtime cover the service; extract and verify the design's remaining deployment/security contract in canonical current documentation.
docs/superpowers/specs/2026-09-06-linux-event-mvp-evaluation-profile-design.md,docs/superpowers/specs/2026-09-06-linux-event-mvp-evaluation-profile-design.md,archive/design-history/superseded-specs/2026-09-06-linux-event-mvp-evaluation-profile-design.md,design-history,extract-current-first,consolidation,The accepted profile labels this historical design authority; verify inherited ratification/evidence constraints under ADR 0042 before archival.
docs/superpowers/specs/2026-09-07-systemd-credential-provider-design.md,docs/superpowers/specs/2026-09-07-systemd-credential-provider-design.md,archive/design-history/superseded-specs/2026-09-07-systemd-credential-provider-design.md,design-history,extract-current-first,consolidation,The v2 design explicitly retains v1 lifecycle/nondisclosure semantics; extract and verify those inherited constraints before archiving the Ubuntu design.
docs/superpowers/specs/2026-09-08-raspberry-pi-linux-event-mvp-profile-amendment-design.md,docs/superpowers/specs/2026-09-08-raspberry-pi-linux-event-mvp-profile-amendment-design.md,,design-history,keep-current,retain,The accepted profile still names this amendment as current authority for exact platform/topology and acceptance overrides; candidate gates remain open.
docs/superpowers/specs/2026-09-08-raspberry-pi-systemd-credential-provider-v2-design.md,docs/superpowers/specs/2026-09-08-raspberry-pi-systemd-credential-provider-v2-design.md,,design-history,keep-current,retain,The profile and candidate annex bind this exact design digest; Security and Deployment E01 approvals remain open.
docs/superpowers/specs/2026-09-09-systemd-257-credential-presentation-amendment.md,docs/superpowers/specs/2026-09-09-systemd-257-credential-presentation-amendment.md,,design-history,keep-current,retain,The profile and candidate annex bind this exact presentation-amendment digest; E01 role approval of the ACL/mount boundary remains open.
docs/superpowers/specs/2026-09-10-event-operation-ledger-lifecycle-design.md,docs/superpowers/specs/2026-09-10-event-operation-ledger-lifecycle-design.md,,design-history,keep-current,retain,The current P0-1-D08 register names this selected operation-ledger design; physical rate qualification and dependent Event retention remain open.
docs/superpowers/specs/2026-09-14-documentation-refactor-design.md,docs/superpowers/specs/2026-09-14-documentation-refactor-design.md,,design-history,keep-current,retain,This is the governing design for the active archive-foundation plan and later documentation hierarchy increments.
